Product Name,Prices,Description,Reviews
,,,
,,,
,,,
"Nothing Phone (2a) 5G (Black, 128 GB)","₹23,999",8 GB RAM | 128 GB ROM17.02 cm (6.7 inch) Full HD+ Display50MP (OIS) + 50MP | 32MP Front Camera5000 mAh BatteryDimensity 7200 Pro Processor1 Year Manufacturing Warranty,4.4
"Apple iPhone 14 Plus ((PRODUCT)RED, 512 GB)","₹96,999","512 GB ROM17.02 cm (6.7 inch) Super Retina XDR Display12MP + 12MP | 12MP Front CameraA15 Bionic Chip, 6 Core Processor Processor1 Year Warranty for Phone and 6 Months Warranty for In-Box Accessories",4.6
"Apple iPhone 14 Plus (Midnight, 512 GB)","₹96,999","512 GB ROM17.02 cm (6.7 inch) Super Retina XDR Display12MP + 12MP | 12MP Front CameraA15 Bionic Chip, 6 Core Processor Processor1 Year Warranty for Phone and 6 Months Warranty for In-Box Accessories",4.6
"Apple iPhone 14 Plus (Yellow, 512 GB)","₹96,999","512 GB ROM17.02 cm (6.7 inch) Super Retina XDR Display12MP + 12MP | 12MP Front CameraA15 Bionic Chip, 6 Core Processor Processor1 Year Warranty for Phone and 6 Months Warranty for In-Box Accessories",4.6
"Apple iPhone 14 Plus (Starlight, 512 GB)","₹96,999","512 GB ROM17.02 cm (6.7 inch) Super Retina XDR Display12MP + 12MP | 12MP Front CameraA15 Bionic Chip, 6 Core Processor Processor1 Year Warranty for Phone and 6 Months Warranty for In-Box Accessories",4.6
"SAMSUNG Galaxy S24+ 5G (Cobalt Violet, 256 GB)","₹99,999",12 GB RAM | 256 GB ROM17.02 cm (6.7 inch) Quad HD+ Display50MP + 10MP + 12MP | 12MP Front Camera4900 mAh BatteryExynos 2400 Processor1 Year Manufacturer Warranty for Device and 6 Months for In-Box Accessories,4.5
"Xiaomi 14 Ultra (Black, 512 GB)","₹99,999",16 GB RAM | 512 GB ROM17.09 cm (6.73 inch) Display50MP + 50MP + 50MP + 50MP | 32MP Front Camera5000 mAh BatterySnapdragon 8 Gen 3 Mobile Platform Processor1 Year Manufacturer Warranty for Phone and 6 Months Warranty for In the Box Accessories,
"SAMSUNG Galaxy Z Flip5 (Mint, 256 GB)","₹99,999",8 GB RAM | 256 GB ROM17.02 cm (6.7 inch) Display12MP + 12MP | 10MP Front Camera3700 mAh BatterySnapdragon 8 Gen 2 Processor1 Year Manufacturer Warranty for Device and 6 Months Manufacturer Warranty for In-Box Accessories,4.4
"Apple iPhone 14 Plus (Purple, 512 GB)","₹96,999","512 GB ROM17.02 cm (6.7 inch) Super Retina XDR Display12MP + 12MP | 12MP Front CameraA15 Bionic Chip, 6 Core Processor Processor1 Year Warranty for Phone and 6 Months Warranty for In-Box Accessories",4.6
"Apple iPhone 14 Plus (Blue, 512 GB)","₹96,999","512 GB ROM17.02 cm (6.7 inch) Super Retina XDR Display12MP + 12MP | 12MP Front CameraA15 Bionic Chip, 6 Core Processor Processor1 Year Warranty for Phone and 6 Months Warranty for In-Box Accessories",4.6
"SAMSUNG Galaxy S24+ 5G (Onyx Black, 256 GB)","₹99,999",12 GB RAM | 256 GB ROM17.02 cm (6.7 inch) Quad HD+ Display50MP + 10MP + 12MP | 12MP Front Camera4900 mAh BatteryExynos 2400 Processor1 Year Manufacturer Warranty for Device and 6 Months for In-Box Accessories,4.5
"SAMSUNG Galaxy Z Flip5 (Graphite, 256 GB)","₹99,999",8 GB RAM | 256 GB ROM17.02 cm (6.7 inch) Display12MP + 12MP | 10MP Front Camera3700 mAh BatterySnapdragon 8 Gen 2 Processor1 Year Manufacturer Warranty for Device and 6 Months Manufacturer Warranty for In-Box Accessories,4.4
"SAMSUNG Galaxy Z Flip5 (Cream, 256 GB)","₹99,999",8 GB RAM | 256 GB ROM17.02 cm (6.7 inch) Display12MP + 12MP | 10MP Front Camera3700 mAh BatterySnapdragon 8 Gen 2 Processor1 Year Manufacturer Warranty for Device and 6 Months Manufacturer Warranty for In-Box Accessories,4.4
"SAMSUNG Galaxy Z Flip4 5G (Graphite, 128 GB)","₹99,999",8 GB RAM | 128 GB ROM17.02 cm (6.7 inch) Full HD+ Display12MP + 12MP | 10MP Front Camera3700 mAh Lithium Ion BatteryQualcomm Snapdragon 8+ Gen 1 Processor1 Year Manufacturer Warranty for Device and 6 Months Manufacturer Warranty for In-Box Accessories,3.9
"Xiaomi 14 Ultra (White, 512 GB)","₹99,999",16 GB RAM | 512 GB ROM17.09 cm (6.73 inch) Display50MP + 50MP + 50MP + 50MP | 32MP Front Camera5000 mAh BatterySnapdragon 8 Gen 3 Mobile Platform Processor1 Year Manufacturer Warranty for Phone and 6 Months Warranty for In the Box Accessories,
"Apple iPhone 15 Plus (Black, 256 GB)","₹91,999","256 GB ROM17.02 cm (6.7 inch) Super Retina XDR Display48MP + 12MP | 12MP Front CameraA16 Bionic Chip, 6 Core Processor Processor1 Year Warranty for Phone and 6 Months Warranty for In-Box Accessories",4.6
"SAMSUNG Galaxy S23 Ultra 5G (Green, 256 GB)","₹92,999",12 GB RAM | 256 GB ROM17.27 cm (6.8 inch) Quad HD+ Display200MP + 10MP + 12MP + 10MP | 12MP Front Camera5000 mAh Lithium Ion BatteryQualcomm Snapdragon 8 Gen 2 Processor1 Year Manufacturer Warranty for Device and 6 Months Manufacturer Warranty for In-Box Accessories,4.6
"SAMSUNG Galaxy S23 Ultra 5G (Cream, 256 GB)","₹92,999",12 GB RAM | 256 GB ROM17.27 cm (6.8 inch) Quad HD+ Display200MP + 10MP + 12MP + 10MP | 12MP Front Camera5000 mAh Lithium Ion BatteryQualcomm Snapdragon 8 Gen 2 Processor1 Year Manufacturer Warranty for Device and 6 Months Manufacturer Warranty for In-Box Accessories,4.6
"Apple iPhone 15 Plus (Blue, 256 GB)","₹91,999","256 GB ROM17.02 cm (6.7 inch) Super Retina XDR Display48MP + 12MP | 12MP Front CameraA16 Bionic Chip, 6 Core Processor Processor1 Year Warranty for Phone and 6 Months Warranty for In-Box Accessories",4.6
"Apple iPhone 15 Plus (Pink, 256 GB)","₹91,999","256 GB ROM17.02 cm (6.7 inch) Super Retina XDR Display48MP + 12MP | 12MP Front CameraA16 Bionic Chip, 6 Core Processor Processor1 Year Warranty for Phone and 6 Months Warranty for In-Box Accessories",4.6
"Apple iPhone 15 Plus (Yellow, 256 GB)","₹91,999","256 GB ROM17.02 cm (6.7 inch) Super Retina XDR Display48MP + 12MP | 12MP Front CameraA16 Bionic Chip, 6 Core Processor Processor1 Year Warranty for Phone and 6 Months Warranty for In-Box Accessories",4.6
"SAMSUNG Galaxy S23 Ultra 5G (Phantom Black, 256 GB)","₹92,999",12 GB RAM | 256 GB ROM17.27 cm (6.8 inch) Quad HD+ Display200MP + 10MP + 12MP + 10MP | 12MP Front Camera5000 mAh Lithium Ion BatteryQualcomm Snapdragon 8 Gen 2 Processor1 Year Manufacturer Warranty for Device and 6 Months Manufacturer Warranty for In-Box Accessories,4.6
"OPPO Find N3 Flip (Sleek Black, 256 GB)","₹94,999",12 GB RAM | 256 GB ROM17.27 cm (6.8 inch) Full HD Display50MP + 48MP + 32MP | 32MP Front Camera4300 mAh BatteryMediatek Dimensity 9200 Processor1 Year Manufacturer Warranty for Phone and 6 Months Warranty for In the Box Accessories,4.4
"OPPO Find N3 Flip (Cream Gold, 256 GB)","₹94,999",12 GB RAM | 256 GB ROM17.27 cm (6.8 inch) Full HD Display50MP + 48MP + 32MP | 32MP Front Camera4300 mAh BatteryMediatek Dimensity 9200 Processor1 Year Manufacturer Warranty for Phone and 6 Months Warranty for In the Box Accessories,4.4
,,,
,,,
,"₹92,999",,4.6
,,,
,,,
,,,
,,,
"Motorola G34 5G (Ocean Green, 128 GB)","₹11,999",8 GB RAM | 128 GB ROM16.51 cm (6.5 inch) HD+ Display50MP + 2MP | 16MP Front Camera5000 mAh BatterySnapdragon 695 5G ProcessorVegan Leather Design1 Year on Handset and 6 Months on Accessories,4.2
"POCO C51 - Locked with Airtel Prepaid (Power Black, 64 GB)","₹4,999",4 GB RAM | 64 GB ROM | Expandable Upto 1 TB16.56 cm (6.52 inch) HD+ Display8MP Dual Rear Camera | 5MP Front Camera5000 mAh BatteryHelio G36 Processor1 Year Manufacturer Warranty for Phone and 6 Months Warranty for in the Box Accessories,4
"Nothing Phone (2a) 5G (Black, 128 GB)","₹23,999",8 GB RAM | 128 GB ROM17.02 cm (6.7 inch) Full HD+ Display50MP (OIS) + 50MP | 32MP Front Camera5000 mAh BatteryDimensity 7200 Pro Processor1 Year Manufacturing Warranty,4.4
"Motorola G34 5G (Ice Blue, 128 GB)","₹11,999",8 GB RAM | 128 GB ROM16.51 cm (6.5 inch) HD+ Display50MP + 2MP | 16MP Front Camera5000 mAh BatterySnapdragon 695 5G Processor1 Year on Handset and 6 Months on Accessories,4.2
"Motorola G34 5G (Charcoal Black, 128 GB)","₹11,999",8 GB RAM | 128 GB ROM16.51 cm (6.5 inch) HD+ Display50MP + 2MP | 16MP Front Camera5000 mAh BatterySnapdragon 695 5G Processor1 Year on Handset and 6 Months on Accessories,4.2
"Motorola g54 5G (Pearl Blue, 128 GB)","₹14,999",8 GB RAM | 128 GB ROM | Expandable Upto 1 TB16.51 cm (6.5 inch) Full HD+ Display50MP (OIS) + 8MP | 16MP Front Camera6000 mAh BatteryDimensity 7020 Processor1 Year on Handset and 6 Months on Accessories,4.2
"MOTOROLA g24 Power (Ink blue, 128 GB)","₹7,999",4 GB RAM | 128 GB ROM | Expandable Upto 1 TB16.76 cm (6.6 inch) HD+ Display50MP + 2MP | 16MP Front Camera6000 mAh BatteryHelio G85 Processor1 Year on Handset and 6 Months on Accessories,4.2
"MOTOROLA G04 (Sea Green, 64 GB)","₹6,999",4 GB RAM | 64 GB ROM | Expandable Upto 1 TB16.76 cm (6.6 inch) HD+ Display16MP Rear Camera | 5MP Front Camera5000 mAh BatteryUnisoc T606 Processor1 Year on Handset and 6 Months on Accessories,4.2
"MOTOROLA g24 Power (Ink blue, 128 GB)","₹8,999",8 GB RAM | 128 GB ROM | Expandable Upto 1 TB16.76 cm (6.6 inch) HD+ Display50MP + 2MP | 16MP Front Camera6000 mAh BatteryHelio G85 Processor1 Year on Handset and 6 Months on Accessories,4.2
"MOTOROLA G04 (Concord Black, 128 GB)","₹7,999",8 GB RAM | 128 GB ROM | Expandable Upto 1 TB16.76 cm (6.6 inch) HD+ Display16MP Rear Camera | 5MP Front Camera5000 mAh BatteryUnisoc T606 Processor1 Year on Handset and 6 Months on Accessories,4.1
"MOTOROLA G04 (Sea Green, 128 GB)","₹7,999",8 GB RAM | 128 GB ROM | Expandable Upto 1 TB16.76 cm (6.6 inch) HD+ Display16MP Rear Camera | 5MP Front Camera5000 mAh BatteryUnisoc T606 Processor1 Year on Handset and 6 Months on Accessories,4.1
"MOTOROLA G04 (Satin Blue, 64 GB)","₹6,999",4 GB RAM | 64 GB ROM | Expandable Upto 1 TB16.76 cm (6.6 inch) HD+ Display16MP Rear Camera | 5MP Front Camera5000 mAh BatteryUnisoc T606 Processor1 Year on Handset and 6 Months on Accessories,4.2
"POCO M6 Pro 5G (Power Black, 128 GB)","₹10,999",6 GB RAM | 128 GB ROM | Expandable Upto 1 TB17.25 cm (6.79 inch) Full HD+ Display50MP + 2MP | 8MP Front Camera5000 mAh BatterySnapdragon 4 Gen 2 Processor1 Year Manufacturer Warranty for Phone and 6 Months Warranty for In the Box Accessories,4.3
"POCO C65 (Pastel Blue, 128 GB)","₹7,999",6 GB RAM | 128 GB ROM | Expandable Upto 1 TB17.12 cm (6.74 inch) HD+ Display50MP + AI Lens + 2MP | 8MP Front Camera5000 mAh BatteryHelio G85 Processor1 Year Manufacturer Warranty for Phone and 6 Months Warranty for in the Box Accessories,4.3
"Motorola Edge 40 Neo (Black Beauty, 256 GB)","₹24,999",12 GB RAM | 256 GB ROM16.64 cm (6.55 inch) Full HD+ Display50MP + 13MP | 32MP Front Camera5000 mAh BatteryDimensity 7030 Processor1 Year on Handset and 6 Months on Accessories,4.3
"OnePlus Nord CE 3 Lite 5G (Chromatic Gray, 256 GB)","₹19,395",8 GB RAM | 256 GB ROM17.07 cm (6.72 inch) Display108MP Rear Camera5000 mAh BatteryDomestic Warranty of 12 months on phone & 6 months on accessories,4.4
"OnePlus Nord CE 3 Lite 5G (Chromatic Gray, 128 GB)","₹17,528",8 GB RAM | 128 GB ROM17.07 cm (6.72 inch) Display108MP Rear Camera5000 mAh BatteryDomestic Warranty of 12 months on phone & 6 months on accessories,4.4
"OnePlus Nord CE 3 Lite 5G (Pastel Lime, 256 GB)","₹19,399",8 GB RAM | 256 GB ROM17.07 cm (6.72 inch) Display108MP Rear Camera5000 mAh BatteryDomestic Warranty of 12 months on phone & 6 months on accessories,4.4
"vivo T2x 5G (Glimmer Black, 128 GB)","₹12,999",6 GB RAM | 128 GB ROM16.71 cm (6.58 inch) Full HD+ Display50MP + 2MP | 8MP Front Camera5000 mAh BatteryMediatek Dimensity 6020 Processor1 Year of Device & 6 Months for Inbox Accessories,4.4
"vivo T2x 5G (Glimmer Black, 128 GB)","₹11,999",4 GB RAM | 128 GB ROM16.71 cm (6.58 inch) Full HD+ Display50MP + 2MP | 8MP Front Camera5000 mAh BatteryMediatek Dimensity 6020 Processor1 Year of Device & 6 Months for Inbox Accessories,4.4
"SAMSUNG Galaxy F14 5G (B.A.E. Purple, 128 GB)","₹11,990","6 GB RAM | 128 GB ROM | Expandable Upto 1 TB16.76 cm (6.6 inch) Full HD+ Display50MP + 2MP | 13MP Front Camera6000 mAh BatteryExynos 1330, Octa Core Processor1 Year Manufacturer Warranty for Device and 6 Months Manufacturer Warranty for In-Box Accessories",4.2
"vivo T2x 5G (Marine Blue, 128 GB)","₹12,999",6 GB RAM | 128 GB ROM16.71 cm (6.58 inch) Full HD+ Display50MP + 2MP | 8MP Front Camera5000 mAh BatteryMediatek Dimensity 6020 Processor1 Year of Device & 6 Months for Inbox Accessories,4.4
"vivo T2x 5G (Black Gladiator, 128 GB)","₹12,999",6 GB RAM | 128 GB ROM16.71 cm (6.58 inch) Full HD+ Display50MP + 2MP | 8MP Front Camera5000 mAh BatteryMediatek Dimensity 6020 Processor1 Year of Device & 6 Months for Inbox Accessories,4.4
"REDMI 13C (Starshine Green, 128 GB)","₹7,699",4 GB RAM | 128 GB ROM | Expandable Upto 1 TB17.12 cm (6.74 inch) HD+ Display50MP Rear Camera | 8MP Front Camera5000 mAh BatteryHelio G85 Processor1 Year Manufacturer Warranty for Phone and 6 Months Warranty for In the Box Accessories,4.3
,,,
,,,
,"₹8,999",,4.2
,,,
,,,
,,,
,,,
"Motorola g84 5G (Marshmallow Blue, 256 GB)","₹17,999",12 GB RAM | 256 GB ROM16.64 cm (6.55 inch) Full HD+ Display50MP (OIS) + 8MP | 16MP Front Camera5000 mAh BatterySnapdragon 695 Processor1 Year on Handset and 6 Months on Accessories,4.2
"MOTOROLA G04 (Concord Black, 64 GB)","₹6,999",4 GB RAM | 64 GB ROM | Expandable Upto 1 TB16.76 cm (6.6 inch) HD+ Display16MP Rear Camera | 5MP Front Camera5000 mAh BatteryUnisoc T606 Processor1 Year on Handset and 6 Months on Accessories,4.2
"vivo T2 Pro 5G (Dune Gold, 128 GB)","₹23,999",8 GB RAM | 128 GB ROM17.22 cm (6.78 inch) Full HD+ Display64MP + 2MP | 16MP Front Camera4600 mAh BatteryDimensity 7200 Processor1 Year Manufacturer Warranty for Phone and 6 Months Warranty for In the Box Accessories,4.5
"vivo T2 Pro 5G (New Moon Black, 128 GB)","₹23,999",8 GB RAM | 128 GB ROM17.22 cm (6.78 inch) Full HD+ Display64MP + 2MP | 16MP Front Camera4600 mAh BatteryDimensity 7200 Processor1 Year Manufacturer Warranty for Phone and 6 Months Warranty for In the Box Accessories,4.5
"vivo T3x 5G (Celestial Green, 128 GB)","₹14,999",6 GB RAM | 128 GB ROM | Expandable Upto 1 TB17.07 cm (6.72 inch) Full HD+ Display50MP + 2MP | 8MP Front Camera6000 mAh Battery6 Gen 1 Processor1 Year Manufacturer Warranty for Device and 6 Months Manufacturer Warranty for Inbox Accessories,
"Nothing Phone (2a) 5G (Black, 128 GB)","₹23,999",8 GB RAM | 128 GB ROM17.02 cm (6.7 inch) Full HD+ Display50MP (OIS) + 50MP | 32MP Front Camera5000 mAh BatteryDimensity 7200 Pro Processor1 Year Manufacturing Warranty,4.4
"vivo T2 Pro 5G (Dune Gold, 256 GB)","₹24,999",8 GB RAM | 256 GB ROM17.22 cm (6.78 inch) Full HD+ Display64MP + 2MP | 16MP Front Camera4600 mAh BatteryDimensity 7200 Processor1 Year Manufacturer Warranty for Phone and 6 Months Warranty for In the Box Accessories,4.5
"vivo T2 Pro 5G (New Moon Black, 256 GB)","₹24,999",8 GB RAM | 256 GB ROM17.22 cm (6.78 inch) Full HD+ Display64MP + 2MP | 16MP Front Camera4600 mAh BatteryDimensity 7200 Processor1 Year Manufacturer Warranty for Phone and 6 Months Warranty for In the Box Accessories,4.5
"SAMSUNG Galaxy F15 5G (Ash Black, 128 GB)","₹12,999",4 GB RAM | 128 GB ROM | Expandable Upto 1 TB16.51 cm (6.5 inch) Full HD+ Display50MP + 5MP + 2MP | 13MP Front Camera6000 mAh Lithium ion BatteryMediaTek Dimensity 6100+ Processor1 Year Manufacturer Warranty for Device and 6 Months Manufacturer Warranty for In-Box Accessories,4.2
"POCO C65 (Matte Black, 128 GB)","₹7,999",6 GB RAM | 128 GB ROM | Expandable Upto 1 TB17.12 cm (6.74 inch) HD+ Display50MP + AI Lens + 2MP | 8MP Front Camera5000 mAh BatteryHelio G85 Processor1 Year Manufacturer Warranty for Phone and 6 Months Warranty for in the Box Accessories,4.3
"POCO C65 (Matte Black, 128 GB)","₹7,299",4 GB RAM | 128 GB ROM | Expandable Upto 1 TB17.12 cm (6.74 inch) HD+ Display50MP + AI Lens + 2MP | 8MP Front Camera5000 mAh BatteryHelio G85 Processor1 Year Manufacturer Warranty for Phone and 6 Months Warranty for in the Box Accessories,4.2
"REDMI A2 (Classic Black, 64 GB)","₹5,299",2 GB RAM | 64 GB ROM | Expandable Upto 1 TB16.56 cm (6.52 inch) HD+ Display8MP Rear Camera | 5MP Front Camera5000 mAh BatteryHelio G36 Processor1 Year Manufacturer Warranty for Phone and 6 Months Warranty for In the Box Accessories,4.2
"realme C51 (Carbon Black, 128 GB)","₹9,199",4 GB RAM | 128 GB ROM | Expandable Upto 2 TB17.12 cm (6.74 inch) HD Display50MP + 0.08MP | 5MP Front Camera5000 mAh BatteryT612 Processor1 Year Manufacturer Warranty for Phone and 6 Months Warranty for In the Box Accessories,4.3
"realme C51 (Mint Green, 128 GB)","₹9,199",4 GB RAM | 128 GB ROM | Expandable Upto 2 TB17.12 cm (6.74 inch) HD Display50MP + 0.08MP | 5MP Front Camera5000 mAh BatteryT612 Processor1 Year Manufacturer Warranty for Phone and 6 Months Warranty for In the Box Accessories,4.3
"realme C51 (Carbon Black, 64 GB)","₹8,699",4 GB RAM | 64 GB ROM | Expandable Upto 2 TB17.12 cm (6.74 inch) HD Display50MP + 0.08MP | 5MP Front Camera5000 mAh BatteryT612 Processor1 Year Manufacturer Warranty for Phone and 6 Months Warranty for In the Box Accessories,4.3
"realme C51 (Mint Green, 64 GB)","₹8,699",4 GB RAM | 64 GB ROM | Expandable Upto 2 TB17.12 cm (6.74 inch) HD Display50MP + 0.08MP | 5MP Front Camera5000 mAh BatteryT612 Processor1 Year Manufacturer Warranty for Phone and 6 Months Warranty for In the Box Accessories,4.3
"POCO C65 (Pastel Blue, 128 GB)","₹7,299",4 GB RAM | 128 GB ROM | Expandable Upto 1 TB17.12 cm (6.74 inch) HD+ Display50MP + AI Lens + 2MP | 8MP Front Camera5000 mAh BatteryHelio G85 Processor1 Year Manufacturer Warranty for Phone and 6 Months Warranty for in the Box Accessories,4.2
"Motorola G34 5G (Charcoal Black, 128 GB)","₹10,999",4 GB RAM | 128 GB ROM16.51 cm (6.5 inch) HD+ Display50MP + 2MP | 16MP Front Camera5000 mAh BatterySnapdragon 695 5G Processor1 Year on Handset and 6 Months on Accessories,4.2
"realme 12x 5G (Twilight Purple, 128 GB)","₹13,499",6 GB RAM | 128 GB ROM | Expandable Upto 2 TB17.07 cm (6.72 inch) Full HD+ Display50MP + 2MP | 8MP Front Camera5000 mAh BatteryDimensity 6100+ Processor1 Year Manufacturer Warranty for Device and 6 Months Manufacturer Warranty for Inbox Accessories,4.4
"POCO M6 5G (Orion Blue, 128 GB)","₹10,499",6 GB RAM | 128 GB ROM | Expandable Upto 1 TB17.12 cm (6.74 inch) HD+ Display50MP Rear Camera | 5MP Front Camera5000 mAh BatteryMediatek Dimensity 6100+ Processor1 Year Manufacturer Warranty for Phone and 6 Months Warranty for In the Box Accessories,4.3
"Motorola G34 5G (Ice Blue, 128 GB)","₹10,999",4 GB RAM | 128 GB ROM16.51 cm (6.5 inch) HD+ Display50MP + 2MP | 16MP Front Camera5000 mAh BatterySnapdragon 695 5G Processor1 Year on Handset and 6 Months on Accessories,4.2
"POCO M6 5G (Galactic Black, 128 GB)","₹9,299",4 GB RAM | 128 GB ROM | Expandable Upto 1 TB17.12 cm (6.74 inch) HD+ Display50MP Rear Camera | 5MP Front Camera5000 mAh BatteryMediatek Dimensity 6100+ Processor1 Year Manufacturer Warranty for Phone and 6 Months Warranty for In the Box Accessories,4.2
"POCO M6 Pro 5G (Forest Green, 128 GB)","₹9,999",4 GB RAM | 128 GB ROM | Expandable Upto 1 TB17.25 cm (6.79 inch) Full HD+ Display50MP + 2MP | 8MP Front Camera5000 mAh BatterySnapdragon 4 Gen 2 Processor1 Year Manufacturer Warranty for Phone and 6 Months Warranty for In the Box Accessories,4.3
"Apple iPhone 15 (Pink, 128 GB)","₹71,999","128 GB ROM15.49 cm (6.1 inch) Super Retina XDR Display48MP + 12MP | 12MP Front CameraA16 Bionic Chip, 6 Core Processor Processor1 Year Warranty for Phone and 6 Months Warranty for In-Box Accessories",4.6
,,,
,,,
,"₹10,499",,4.3
,,,
,,,
,,,
,,,
"Nothing Phone (2a) 5G (Black, 128 GB)","₹23,999",8 GB RAM | 128 GB ROM17.02 cm (6.7 inch) Full HD+ Display50MP (OIS) + 50MP | 32MP Front Camera5000 mAh BatteryDimensity 7200 Pro Processor1 Year Manufacturing Warranty,4.4
"vivo T3 5G (Crystal Flake, 128 GB)","₹19,999",8 GB RAM | 128 GB ROM16.94 cm (6.67 inch) Full HD+ Display50MP + 2MP | 16MP Front Camera5000 mAh BatteryDimensity 7200 Processor1 Year Manufacturer Warranty for Device and 6 Months Manufacturer Warranty for Inbox Accessories,4.4
"POCO M6 Pro 5G (Forest Green, 128 GB)","₹9,999",4 GB RAM | 128 GB ROM | Expandable Upto 1 TB17.25 cm (6.79 inch) Full HD+ Display50MP + 2MP | 8MP Front Camera5000 mAh BatterySnapdragon 4 Gen 2 Processor1 Year Manufacturer Warranty for Phone and 6 Months Warranty for In the Box Accessories,4.3
"Motorola g84 5G (Midnight Blue, 256 GB)","₹17,999",12 GB RAM | 256 GB ROM16.64 cm (6.55 inch) Full HD+ Display50MP (OIS) + 8MP | 16MP Front Camera5000 mAh BatterySnapdragon 695 Processor1 Year on Handset and 6 Months on Accessories,4.2
"vivo T3 5G (Cosmic Blue, 256 GB)","₹21,999",8 GB RAM | 256 GB ROM16.94 cm (6.67 inch) Full HD+ Display50MP + 2MP | 16MP Front Camera5000 mAh BatteryDimensity 7200 Processor1 Year Manufacturer Warranty for Device and 6 Months Manufacturer Warranty for Inbox Accessories,4.4
"vivo T3 5G (Crystal Flake, 256 GB)","₹21,999",8 GB RAM | 256 GB ROM16.94 cm (6.67 inch) Full HD+ Display50MP + 2MP | 16MP Front Camera5000 mAh BatteryDimensity 7200 Processor1 Year Manufacturer Warranty for Device and 6 Months Manufacturer Warranty for Inbox Accessories,4.4
"realme 12x 5G (Woodland Green, 128 GB)","₹13,499",6 GB RAM | 128 GB ROM | Expandable Upto 2 TB17.07 cm (6.72 inch) Full HD+ Display50MP + 2MP | 8MP Front Camera5000 mAh BatteryDimensity 6100+ Processor1 Year Manufacturer Warranty for Device and 6 Months Manufacturer Warranty for Inbox Accessories,4.4
"realme 12x 5G (Woodland Green, 128 GB)","₹14,999",8 GB RAM | 128 GB ROM | Expandable Upto 2 TB17.07 cm (6.72 inch) Full HD+ Display50MP + 2MP | 8MP Front Camera5000 mAh BatteryDimensity 6100+ Processor1 Year Manufacturer Warranty for Device and 6 Months Manufacturer Warranty for Inbox Accessories,4.4
"realme 12x 5G (Twilight Purple, 128 GB)","₹14,999",8 GB RAM | 128 GB ROM | Expandable Upto 2 TB17.07 cm (6.72 inch) Full HD+ Display50MP + 2MP | 8MP Front Camera5000 mAh BatteryDimensity 6100+ Processor1 Year Manufacturer Warranty for Device and 6 Months Manufacturer Warranty for Inbox Accessories,4.4
"realme C53 (Champion Black, 128 GB)","₹10,499",6 GB RAM | 128 GB ROM | Expandable Upto 2 TB17.12 cm (6.74 inch) HD Display108MP + 2MP | 8MP Front Camera5000 mAh BatteryT612 Processor1 Year Manufacturer Warranty for Phone and 6 Months Warranty for In the Box Accessories,4.4
"realme C53 (Champion Gold, 128 GB)","₹10,499",6 GB RAM | 128 GB ROM | Expandable Upto 2 TB17.12 cm (6.74 inch) HD Display108MP + 2MP | 8MP Front Camera5000 mAh BatteryT612 Processor1 Year Manufacturer Warranty for Phone and 6 Months Warranty for In the Box Accessories,4.4
"POCO M6 5G (Polaris Green, 128 GB)","₹10,499",6 GB RAM | 128 GB ROM | Expandable Upto 1 TB17.12 cm (6.74 inch) HD+ Display50MP Rear Camera | 5MP Front Camera5000 mAh BatteryMediatek Dimensity 6100+ Processor1 Year Manufacturer Warranty for Phone and 6 Months Warranty for In the Box Accessories,4.3
"Motorola g54 5G (Mint Green, 128 GB)","₹14,999",8 GB RAM | 128 GB ROM | Expandable Upto 1 TB16.51 cm (6.5 inch) Full HD+ Display50MP (OIS) + 8MP | 16MP Front Camera6000 mAh BatteryDimensity 7020 Processor1 Year on Handset and 6 Months on Accessories,4.2
"Infinix Note 40 Pro 5G (Titan Gold, 256 GB)","₹21,999",8 GB RAM | 256 GB ROM17.22 cm (6.78 inch) Full HD+ Display108MP (OIS) + 2MP + 2MP | 32MP Front Camera5000 mAh BatteryMediatek Dimensity 7020 Processor1 Year Warranty on Handset and 6 Months Warranty on Inbox Accessories,
"realme C53 (Champion Gold, 64 GB)","₹10,999",6 GB RAM | 64 GB ROM | Expandable Upto 2 TB17.12 cm (6.74 inch) HD Display108MP + 2MP | 8MP Front Camera5000 mAh BatteryT612 Processor1 Year Manufacturer Warranty for Phone and 6 Months Warranty for In the Box Accessories,4.4
"SAMSUNG Galaxy M14 5G (Icy Silver, 128 GB)","₹12,410",6 GB RAM | 128 GB ROM16.76 cm (6.6 inch) Display50MP Rear Camera6000 mAh Battery1 year,4.2
"POCO M6 Pro 5G (Power Black, 128 GB)","₹9,999",4 GB RAM | 128 GB ROM | Expandable Upto 1 TB17.25 cm (6.79 inch) Full HD+ Display50MP + 2MP | 8MP Front Camera5000 mAh BatterySnapdragon 4 Gen 2 Processor1 Year Manufacturer Warranty for Phone and 6 Months Warranty for In the Box Accessories,4.3
"realme C53 (Champion Black, 64 GB)","₹10,999",6 GB RAM | 64 GB ROM | Expandable Upto 2 TB17.12 cm (6.74 inch) HD Display108MP + 2MP | 8MP Front Camera5000 mAh BatteryT612 Processor1 Year Manufacturer Warranty for Phone and 6 Months Warranty for In the Box Accessories,4.4
"SAMSUNG Galaxy F15 5G (Ash Black, 128 GB)","₹14,499",6 GB RAM | 128 GB ROM | Expandable Upto 1 TB16.51 cm (6.5 inch) Full HD+ Display50MP + 5MP + 2MP | 13MP Front Camera6000 mAh Lithium ion BatteryMediaTek Dimensity 6100+ Processor1 Year Manufacturer Warranty for Device and 6 Months Manufacturer Warranty for In-Box Accessories,4.2
"POCO C65 (Pastel Green, 128 GB)","₹7,999",6 GB RAM | 128 GB ROM | Expandable Upto 1 TB17.12 cm (6.74 inch) HD+ Display50MP + AI Lens + 2MP | 8MP Front Camera5000 mAh BatteryHelio G85 Processor1 Year Manufacturer Warranty for Phone and 6 Months Warranty for in the Box Accessories,4.3
"Motorola Edge 40 Neo (Black Beauty, 128 GB)","₹22,999",8 GB RAM | 128 GB ROM16.64 cm (6.55 inch) Full HD+ Display50MP + 13MP | 32MP Front Camera5000 mAh BatteryDimensity 7030 Processor1 Year on Handset and 6 Months on Accessories,4.3
"Infinix SMART 8 HD (Crystal Green, 64 GB)","₹6,499",3 GB RAM | 64 GB ROM | Expandable Upto 2 TB16.76 cm (6.6 inch) HD+ Display13MP + AI Lens | 8MP Front Camera5000 mAh BatteryT606 Processor1 Year on Handset and 6 Months on Accessories,4.3
"Infinix SMART 8 HD (Galaxy White, 64 GB)","₹6,499",3 GB RAM | 64 GB ROM | Expandable Upto 2 TB16.76 cm (6.6 inch) HD+ Display13MP + AI Lens | 8MP Front Camera5000 mAh BatteryT606 Processor1 Year on Handset and 6 Months on Accessories,4.3
"POCO C51 - Locked with Airtel Prepaid (Royal Blue, 64 GB)","₹4,999",4 GB RAM | 64 GB ROM | Expandable Upto 1 TB16.56 cm (6.52 inch) HD+ Display8MP Dual Rear Camera | 5MP Front Camera5000 mAh BatteryHelio G36 Processor1 Year Manufacturer Warranty for Phone and 6 Months Warranty for in the Box Accessories,4
,,,
,,,
,"₹13,499",,4.4
,,,
,,,
,,,
,,,
"Nothing Phone (2a) 5G (Black, 128 GB)","₹23,999",8 GB RAM | 128 GB ROM17.02 cm (6.7 inch) Full HD+ Display50MP (OIS) + 50MP | 32MP Front Camera5000 mAh BatteryDimensity 7200 Pro Processor1 Year Manufacturing Warranty,4.4
Nokia 105 Classic without Charger,₹999,32 MB RAM | 32 MB ROM4.5 cm (1.77 inch) Display0MP Front Camera800 mAh BatterySC6531E Processor1 Year Manufacturer Warranty for Device and 6 Months Manufacturer Warranty for Inbox Accessories Including Battery from the Date of Purchase,4
Nokia 105 Classic without Charger,₹999,32 MB RAM | 32 MB ROM4.5 cm (1.77 inch) Display0MP Front Camera800 mAh BatterySC6531E Processor1 Year Manufacturer Warranty for Device and 6 Months Manufacturer Warranty for Inbox Accessories Including Battery from the Date of Purchase,4
"Infinix SMART 8 (Galaxy White, 64 GB)","₹7,099",4 GB RAM | 64 GB ROM | Expandable Upto 2 TB16.76 cm (6.6 inch) HD+ Display50MP + AI Lens | 8MP Front Camera5000 mAh BatteryHelio G36 Processor1 Year on Handset and 6 Months on Accessories,4.3
"Infinix SMART 8 (Shiny Gold, 64 GB)","₹7,099",4 GB RAM | 64 GB ROM | Expandable Upto 2 TB16.76 cm (6.6 inch) HD+ Display50MP + AI Lens | 8MP Front Camera5000 mAh BatteryHelio G36 Processor1 Year on Handset and 6 Months on Accessories,4.3
"Infinix SMART 8 (Rainbow Blue, 64 GB)","₹7,099",4 GB RAM | 64 GB ROM | Expandable Upto 2 TB16.76 cm (6.6 inch) HD+ Display50MP + AI Lens | 8MP Front Camera5000 mAh BatteryHelio G36 Processor1 Year on Handset and 6 Months on Accessories,4.3
"Infinix SMART 8 HD (Timber Black, 64 GB)","₹6,499",3 GB RAM | 64 GB ROM | Expandable Upto 2 TB16.76 cm (6.6 inch) HD+ Display13MP + AI Lens | 8MP Front Camera5000 mAh BatteryT606 Processor1 Year on Handset and 6 Months on Accessories,4.3
"Motorola g54 5G (Pearl Blue, 256 GB)","₹16,999",12 GB RAM | 256 GB ROM | Expandable Upto 1 TB16.51 cm (6.5 inch) Full HD+ Display50MP (OIS) + 8MP | 16MP Front Camera6000 mAh BatteryDimensity 7020 Processor1 Year on Handset and 6 Months on Accessories,4.2
"Infinix SMART 8 HD (Shiny Gold, 64 GB)","₹6,499",3 GB RAM | 64 GB ROM | Expandable Upto 2 TB16.76 cm (6.6 inch) HD+ Display13MP + AI Lens | 8MP Front Camera5000 mAh BatteryT606 Processor1 Year on Handset and 6 Months on Accessories,4.3
"SAMSUNG Galaxy F14 5G (GOAT Green, 128 GB)","₹10,990","4 GB RAM | 128 GB ROM | Expandable Upto 1 TB16.76 cm (6.6 inch) Full HD+ Display50MP + 2MP | 13MP Front Camera6000 mAh BatteryExynos 1330, Octa Core Processor1 Year Manufacturer Warranty for Device and 6 Months Manufacturer Warranty for In-Box Accessories",4.2
"MOTOROLA G04 (Sunrise Orange, 128 GB)","₹7,999",8 GB RAM | 128 GB ROM | Expandable Upto 1 TB16.76 cm (6.6 inch) HD+ Display16MP Rear Camera | 5MP Front Camera5000 mAh BatteryUnisoc T606 Processor1 Year on Handset and 6 Months on Accessories,4.1
"SAMSUNG Galaxy F15 5G (Groovy Violet, 128 GB)","₹14,499",6 GB RAM | 128 GB ROM | Expandable Upto 1 TB16.51 cm (6.5 inch) Full HD+ Display50MP + 5MP + 2MP | 13MP Front Camera6000 mAh Lithium ion BatteryMediaTek Dimensity 6100+ Processor1 Year Manufacturer Warranty for Device and 6 Months Manufacturer Warranty for In-Box Accessories,4.2
"Nokia 105 Single SIM, Keypad Mobile Phone with Wireless FM Radio","₹1,280",32 MB RAM | 32 MB ROM4.5 cm (1.77 inch) Display0MP | 0MP Front Camera1000 mAh BatterySC6531E ProcessorNO WARRANTY,4.1
"POCO C65 (Pastel Blue, 256 GB)","₹8,999",8 GB RAM | 256 GB ROM | Expandable Upto 1 TB17.12 cm (6.74 inch) HD+ Display50MP + AI Lens + 2MP | 8MP Front Camera5000 mAh BatteryHelio G85 Processor1 Year Manufacturer Warranty for Phone and 6 Months Warranty for in the Box Accessories,4.2
LAVA A1 Josh BOL Keypad Mobile|1000 mAh Battery|Expandable Storage 32GB,₹930,4 MB RAM | 4 MB ROM | Expandable Upto 32 GB4.5 cm (1.77 inch) Quarter QVGA Display1000 mAh Battery1 Year Manufacturer Replacement Guarantee for Phone and 6 months Replacement for Accessories in the Box,4.1
"Infinix SMART 8 (Timber Black, 128 GB)","₹8,299",8 GB RAM | 128 GB ROM | Expandable Upto 2 TB16.76 cm (6.6 inch) HD+ Display50MP + AI Lens | 8MP Front Camera5000 mAh BatteryHelio G36 Processor1 Year on Handset and 6 Months on Accessories,4.3
"Motorola Edge 40 Neo (Soothing Sea, 128 GB)","₹22,999",8 GB RAM | 128 GB ROM16.64 cm (6.55 inch) Full HD+ Display50MP + 13MP | 32MP Front Camera5000 mAh BatteryDimensity 7030 Processor1 Year on Handset and 6 Months on Accessories,4.3
"realme 12x 5G (Woodland Green, 128 GB)","₹11,999",4 GB RAM | 128 GB ROM | Expandable Upto 2 TB17.07 cm (6.72 inch) Full HD+ Display50MP + 2MP | 8MP Front Camera5000 mAh BatteryDimensity 6100+ Processor1 Year Manufacturer Warranty for Device and 6 Months Manufacturer Warranty for Inbox Accessories,4.1
"realme Narzo 60X 5G (Stellar Green, 128 GB)","₹12,248",6 GB RAM | 128 GB ROM17.07 cm (6.72 inch) Display50MP Rear Camera5000 mAh BatteryDomestic Warranty 1 Year For Handset and 6 Months For Accessories.,4.3
"Infinix SMART 8 (Timber Black, 64 GB)","₹7,099",4 GB RAM | 64 GB ROM | Expandable Upto 2 TB16.76 cm (6.6 inch) HD+ Display50MP + AI Lens | 8MP Front Camera5000 mAh BatteryHelio G36 Processor1 Year on Handset and 6 Months on Accessories,4.3
"Nokia 105 Single SIM, Keypad Mobile Phone with Wireless FM Radio","₹1,199",32 MB RAM | 32 MB ROM4.5 cm (1.77 inch) Display0MP | 0MP Front Camera1000 mAh BatterySC6531E Processor1 Year Replacement Warranty for Device and 6 Months Manufacturer Warranty for Inbox Accessories Including Battery from the Date of Purchase,4.1
"POCO M6 5G (Orion Blue, 256 GB)","₹11,999",8 GB RAM | 256 GB ROM | Expandable Upto 1 TB17.12 cm (6.74 inch) HD+ Display50MP Rear Camera | 5MP Front Camera5000 mAh BatteryMediatek Dimensity 6100+ Processor1 Year Manufacturer Warranty for Phone and 6 Months Warranty for In the Box Accessories,4.2
"Motorola Edge 40 Neo (Peach Fuzz, 128 GB)","₹22,999",8 GB RAM | 128 GB ROM16.64 cm (6.55 inch) Full HD+ Display50MP + 13MP | 32MP Front Camera5000 mAh BatteryDimensity 7030 Processor1 Year on Handset and 6 Months on Accessories,4.3
"SAMSUNG Galaxy F15 5G (Jazzy Green, 128 GB)","₹14,499",6 GB RAM | 128 GB ROM | Expandable Upto 1 TB16.51 cm (6.5 inch) Full HD+ Display50MP + 5MP + 2MP | 13MP Front Camera6000 mAh Lithium ion BatteryMediaTek Dimensity 6100+ Processor1 Year Manufacturer Warranty for Device and 6 Months Manufacturer Warranty for In-Box Accessories,4.2
,,,
,,,
,"₹7,999",,4.1
,,,
,,,
,,,
,,,
"POCO C65 (Matte Black, 256 GB)","₹8,999",8 GB RAM | 256 GB ROM | Expandable Upto 1 TB17.12 cm (6.74 inch) HD+ Display50MP + AI Lens + 2MP | 8MP Front Camera5000 mAh BatteryHelio G85 Processor1 Year Manufacturer Warranty for Phone and 6 Months Warranty for in the Box Accessories,4.2
"SAMSUNG Galaxy F15 5G (Jazzy Green, 128 GB)","₹12,999",4 GB RAM | 128 GB ROM | Expandable Upto 1 TB16.51 cm (6.5 inch) Full HD+ Display50MP + 5MP + 2MP | 13MP Front Camera6000 mAh Lithium ion BatteryMediaTek Dimensity 6100+ Processor1 Year Manufacturer Warranty for Device and 6 Months Manufacturer Warranty for In-Box Accessories,4.2
"Nothing Phone (2a) 5G (Black, 128 GB)","₹23,999",8 GB RAM | 128 GB ROM17.02 cm (6.7 inch) Full HD+ Display50MP (OIS) + 50MP | 32MP Front Camera5000 mAh BatteryDimensity 7200 Pro Processor1 Year Manufacturing Warranty,4.4
"SAMSUNG Galaxy M14 5G (Smoky Teal, 128 GB)","₹12,335",6 GB RAM | 128 GB ROM16.76 cm (6.6 inch) Display50MP Rear Camera6000 mAh Battery1 year manufacturer for handset and 6 month for accessories,4.2
"Motorola e13 (Cosmic Black, 128 GB)","₹7,499",8 GB RAM | 128 GB ROM | Expandable Upto 1 TB16.51 cm (6.5 inch) HD+ Display13MP Rear Camera | 5MP Front Camera5000 mAh BatteryUnisoc T606 Processor1 Year on Handset and 6 Months on Accessories,4.1
"Nokia 105 Single SIM, Keypad Mobile Phone with Wireless FM Radio","₹1,250",32 MB RAM | 32 MB ROM4.5 cm (1.77 inch) Display0MP | 0MP Front Camera1000 mAh BatterySC6531E Processor1 Year Replacement Warranty for Device and 6 Months Manufacturer Warranty for Inbox Accessories Including Battery from the Date of Purchase,4.1
itel Magic X Pro 4G| 2500mAh Big Battery| Expandable Storage upto 64GB,"₹1,648",64 MB RAM | 128 MB ROM6.1 cm (2.4 inch) Display0.3MP Rear Camera2500 mAh Battery2 years warranty on mobile device & 6 months on accessories.,3.9
"REDMI 13c 5G (Startrail Green, 128 GB)","₹10,578",4 GB RAM | 128 GB ROM17.12 cm (6.74 inch) Display50MP Rear Camera5000 mAh Battery1 Year,4.2
"realme C53 (Champion Black, 128 GB)","₹8,999",4 GB RAM | 128 GB ROM | Expandable Upto 2 TB17.12 cm (6.74 inch) HD Display108MP + 2MP | 8MP Front Camera5000 mAh BatteryT612 Processor1 Year Manufacturer Warranty for Phone and 6 Months Warranty for In the Box Accessories,4.1
"SAMSUNG Galaxy F15 5G (Groovy Violet, 128 GB)","₹12,999",4 GB RAM | 128 GB ROM | Expandable Upto 1 TB16.51 cm (6.5 inch) Full HD+ Display50MP + 5MP + 2MP | 13MP Front Camera6000 mAh Lithium ion BatteryMediaTek Dimensity 6100+ Processor1 Year Manufacturer Warranty for Device and 6 Months Manufacturer Warranty for In-Box Accessories,4.2
"REDMI 13c 5G (Startrail Silver, 128 GB)","₹11,978",6 GB RAM | 128 GB ROM17.12 cm (6.74 inch) Display50MP Rear Camera5000 mAh Battery1 Year,4.2
"REDMI 13c 5G (Starlight Black, 128 GB)","₹10,614",4 GB RAM | 128 GB ROM17.12 cm (6.74 inch) Display50MP Rear Camera5000 mAh Battery1 Year,4.2
"Infinix Smart 8 Plus (Shiny Gold, 128 GB)","₹7,799",4 GB RAM | 128 GB ROM | Expandable Upto 2 TB16.76 cm (6.6 inch) HD+ Display50MP + AI Lens | 8MP Front Camera6000 mAh BatteryMediatek Helio G36 Processor1 Year Warranty on Handset and 6 Months Warranty on Accessories,4.3
"Infinix Smart 8 Plus (Galaxy White, 128 GB)","₹7,799",4 GB RAM | 128 GB ROM | Expandable Upto 2 TB16.76 cm (6.6 inch) HD+ Display50MP + AI Lens | 8MP Front Camera6000 mAh BatteryMediatek Helio G36 Processor1 Year Warranty on Handset and 6 Months Warranty on Accessories,4.3
"Infinix Smart 8 Plus (Timber Black, 128 GB)","₹7,799",4 GB RAM | 128 GB ROM | Expandable Upto 2 TB16.76 cm (6.6 inch) HD+ Display50MP + AI Lens | 8MP Front Camera6000 mAh BatteryMediatek Helio G36 Processor1 Year Warranty on Handset and 6 Months Warranty on Accessories,4.3
"REDMI 13c 5G (Startrail Green, 128 GB)","₹11,628",6 GB RAM | 128 GB ROM17.12 cm (6.74 inch) Display50MP Rear Camera5000 mAh Battery1 Year,4.2
"REDMI 12 5G (Moonstone Silver, 128 GB)","₹12,999",6 GB RAM | 128 GB ROM | Expandable Upto 1 TB17.25 cm (6.79 inch) Full HD+ Display50MP + 2MP | 8MP Front Camera5000 mAh BatterySnapdragon 4 Gen 2 Processor1 Year Manufacturer Warranty for Phone and 6 Months Warranty for In the Box Accessories,4.3
"REDMI A2 (Sea Green, 64 GB)","₹5,299",2 GB RAM | 64 GB ROM | Expandable Upto 1 TB16.56 cm (6.52 inch) HD+ Display8MP Rear Camera | 5MP Front Camera5000 mAh BatteryHelio G36 Processor1 Year Manufacturer Warranty for Phone and 6 Months Warranty for In the Box Accessories,4.2
"Motorola G32 (Satin Maroon, 128 GB)","₹9,999",8 GB RAM | 128 GB ROM16.51 cm (6.5 inch) Full HD+ Display50MP + 8MP + 2MP | 16MP Front Camera5000 mAh Lithium Polymer BatteryQualcomm Snapdragon 680 Processor1 Year on Handset and 6 Months on Accessories,4.1
"Nokia 130 Music Dual Sim, Music Player, Wireless FM Radio and Dedicated Music Buttons","₹1,883",4 MB RAM | 4 MB ROM6.1 cm (2.4 inch) Display0MP Front Camera1450 mAh Battery6261D Processor1 Year Replacement Warranty for Device and 6 Months Manufacturer Warranty for Inbox Accessories Including Battery from the Date of Purchase,4.3
SAMSUNG Metro 313 Dual Sim,"₹2,340",16 MB RAM | 2 MB ROM5.08 cm (2 inch) Display0.3MP Rear Camera1000 mAh Battery1 Year Manufacturer Warranty,4.2
"POCO X6 Neo 5G (Martian Orange, 128 GB)","₹15,999",8 GB RAM | 128 GB ROM | Expandable Upto 1 TB16.94 cm (6.67 inch) Full HD+ Display108MP + 2MP | 16MP Front Camera5000 mAh BatteryDimensity 6080 Processor1 Year Manufacturer Warranty for Phone and 6 Months Warranty for In the Box Accessories,4.1
"Infinix HOT 40i (Starfall Green, 256 GB)","₹9,299",8 GB RAM | 256 GB ROM | Expandable Upto 2 TB16.76 cm (6.6 inch) HD+ Display50MP + AI Lens | 32MP Front Camera5000 mAh BatteryUnisoc T606 Processor1 Year on Handset and 6 Months on Accessories,4.1
"Nokia 130 Music Dual Sim, Music Player, Wireless FM Radio and Dedicated Music Buttons","₹1,978",4 MB RAM | 4 MB ROM6.1 cm (2.4 inch) Display0MP Front Camera1450 mAh Battery6261D Processor1 Year Replacement Warranty for Device and 6 Months Manufacturer Warranty for Inbox Accessories Including Battery from the Date of Purchase,4.3
,,,
,,,
,"₹1,648",,3.9
,,,
,,,
,,,
,,,
"Nokia 130 Music Dual Sim, Music Player, Wireless FM Radio and Dedicated Music Buttons","₹1,884",4 MB RAM | 4 MB ROM6.1 cm (2.4 inch) Display0MP Front Camera1450 mAh Battery6261D Processor1 Year Replacement Warranty for Device and 6 Months Manufacturer Warranty for Inbox Accessories Including Battery from the Date of Purchase,4.3
"Motorola g14 (Steel Gray, 128 GB)","₹8,499",4 GB RAM | 128 GB ROM | Expandable Upto 1 TB16.51 cm (6.5 inch) Full HD+ Display50MP + 2MP | 8MP Front Camera5000 mAh BatteryT616 ProcessorImmersive Stereo Speakers with Dolby Atmos1 Year on Handset and 6 Months on Accessories,4.1
"Nothing Phone (2a) 5G (Black, 128 GB)","₹23,999",8 GB RAM | 128 GB ROM17.02 cm (6.7 inch) Full HD+ Display50MP (OIS) + 50MP | 32MP Front Camera5000 mAh BatteryDimensity 7200 Pro Processor1 Year Manufacturing Warranty,4.4
"realme Narzo 60X 5G (Nebula Purple, 128 GB)","₹11,486",4 GB RAM | 128 GB ROM17.07 cm (6.72 inch) Display50MP Rear Camera | 2.07MP Front Camera5000 mAh BatteryDomestic Warranty 1 Year For Handset and 6 Months For Accessories.,4.3
"REDMI 12 (Pastel Blue, 128 GB)","₹9,999",6 GB RAM | 128 GB ROM | Expandable Upto 1 TB17.25 cm (6.79 inch) Full HD+ Display50MP + 8MP + 2MP | 8MP Front Camera5000 mAh BatteryHelio G88 Processor1 Year Manufacturer Warranty for Phone and 6 Months Warranty for in the Box Accessories,4.2
Nokia 105,"₹1,313",4 MB RAM | 4 MB ROM4.57 cm (1.8 inch) Display0.03MP Rear Camera1000 mAh Batteryone year brand waranty,4.2
"realme Narzo 60x 5G (Stellar Green, 128 GB)","₹11,198",4 GB RAM | 128 GB ROM17.07 cm (6.72 inch) Display50MP Rear Camera5000 mAh Battery1 Year Brand Warranty,4.3
"REDMI 13c 5G (Startrail Silver, 256 GB)","₹13,755",8 GB RAM | 256 GB ROM17.12 cm (6.74 inch) Display50MP Rear Camera5000 mAh Battery1 Year,4.2
"REDMI 13c 5G (Starlight Black, 256 GB)","₹13,899",8 GB RAM | 256 GB ROM17.12 cm (6.74 inch) Display50MP Rear Camera5000 mAh Battery1 Year,4.2
Jio V2 Keypad Phone (UPI) Locked,"₹1,150",20 MB RAM | 20 MB ROM4.5 cm (1.77 inch) Display0.3MP Rear Camera1000 mAh Battery1 Year Manufacturer Warranty,3.7
"Infinix HOT 40i (Horizon Gold, 256 GB)","₹9,299",8 GB RAM | 256 GB ROM | Expandable Upto 2 TB16.76 cm (6.6 inch) HD+ Display50MP + AI Lens | 32MP Front Camera5000 mAh BatteryUnisoc T606 Processor1 Year on Handset and 6 Months on Accessories,4.1
"SAMSUNG Galaxy F34 5G (Orchid Violet, 128 GB)","₹14,999",6 GB RAM | 128 GB ROM | Expandable Upto 1 TB16.51 cm (6.5 inch) Full HD+ Display50MP (OIS) + 8MP + 2MP | 13MP Front Camera6000 mAh BatteryExynos 1280 Processor1 Year Manufacturer Warranty for Device and 6 Months Manufacturer Warranty for In-Box Accessories,4.2
"POCO M6 Pro 5G (Power Black, 256 GB)","₹12,499",8 GB RAM | 256 GB ROM | Expandable Upto 1 TB17.25 cm (6.79 inch) Full HD+ Display50MP + 2MP | 8MP Front Camera5000 mAh BatterySnapdragon 4 Gen 2 Processor1 Year Manufacturer Warranty for Phone and 6 Months Warranty for In the Box Accessories,4.2
"POCO C65 (Pastel Green, 128 GB)","₹7,299",4 GB RAM | 128 GB ROM | Expandable Upto 1 TB17.12 cm (6.74 inch) HD+ Display50MP + AI Lens + 2MP | 8MP Front Camera5000 mAh BatteryHelio G85 Processor1 Year Manufacturer Warranty for Phone and 6 Months Warranty for in the Box Accessories,4.2
"REDMI 13c 5G (Startrail Green, 256 GB)","₹13,710",8 GB RAM | 256 GB ROM17.12 cm (6.74 inch) Display50MP Rear Camera5000 mAh Battery1 Year,4.2
"realme P1 5G (Peacock Green, 256 GB)","₹18,999",8 GB RAM | 256 GB ROM | Expandable Upto 2 TB16.94 cm (6.67 inch) Full HD+ Display50MP + 2MP | 16MP Front Camera5000 mAh BatteryDimensity 7050 Processor1 Year Manufacturer Warranty for Device and 6 Months Manufacturer Warranty for Inbox Accessories,
"realme P1 5G (Peacock Green, 128 GB)","₹15,999",6 GB RAM | 128 GB ROM | Expandable Upto 2 TB16.94 cm (6.67 inch) Full HD+ Display50MP + 2MP | 16MP Front Camera5000 mAh BatteryDimensity 7050 Processor1 Year Manufacturer Warranty for Device and 6 Months Manufacturer Warranty for Inbox Accessories,
"realme P1 5G (Phoenix Red, 128 GB)","₹15,999",6 GB RAM | 128 GB ROM | Expandable Upto 2 TB16.94 cm (6.67 inch) Full HD+ Display50MP + 2MP | 16MP Front Camera5000 mAh BatteryDimensity 7050 Processor1 Year Manufacturer Warranty for Device and 6 Months Manufacturer Warranty for Inbox Accessories,
"realme P1 5G (Phoenix Red, 256 GB)","₹18,999",8 GB RAM | 256 GB ROM | Expandable Upto 2 TB16.94 cm (6.67 inch) Full HD+ Display50MP + 2MP | 16MP Front Camera5000 mAh BatteryDimensity 7050 Processor1 Year Manufacturer Warranty for Device and 6 Months Manufacturer Warranty for Inbox Accessories,
"Motorola e13 (Aurora Green, 128 GB)","₹7,499",8 GB RAM | 128 GB ROM | Expandable Upto 1 TB16.51 cm (6.5 inch) HD+ Display13MP Rear Camera | 5MP Front Camera5000 mAh BatteryUnisoc T606 Processor1 Year on Handset and 6 Months on Accessories,4.1
"POCO M6 Pro 5G (Forest Green, 256 GB)","₹12,499",8 GB RAM | 256 GB ROM | Expandable Upto 1 TB17.25 cm (6.79 inch) Full HD+ Display50MP + 2MP | 8MP Front Camera5000 mAh BatterySnapdragon 4 Gen 2 Processor1 Year Manufacturer Warranty for Phone and 6 Months Warranty for In the Box Accessories,4.2
"REDMI 13c 5G (Starlight Black, 128 GB)","₹11,768",6 GB RAM | 128 GB ROM17.12 cm (6.74 inch) Display50MP Rear Camera5000 mAh Battery1 Year,4.2
"Motorola g54 5G (Mint Green, 256 GB)","₹16,999",12 GB RAM | 256 GB ROM | Expandable Upto 1 TB16.51 cm (6.5 inch) Full HD+ Display50MP (OIS) + 8MP | 16MP Front Camera6000 mAh BatteryDimensity 7020 Processor1 Year on Handset and 6 Months on Accessories,4.2
LAVA A1 Josh BOL Keypad Mobile|1000 mAh Battery|Expandable Storage 32GB,₹930,4 MB RAM | 4 MB ROM | Expandable Upto 32 GB4.5 cm (1.77 inch) Quarter QVGA Display1000 mAh Battery1 Year Manufacturer Replacement Guarantee for Phone and 6 months Replacement for Accessories in the Box,4.1
,,,
,,,
,"₹1,884",,4.3
,,,
,,,
,,,
,,,
"SAMSUNG Galaxy F34 5G (Electric Black, 128 GB)","₹14,999",6 GB RAM | 128 GB ROM | Expandable Upto 1 TB16.51 cm (6.5 inch) Full HD+ Display50MP (OIS) + 8MP + 2MP | 13MP Front Camera6000 mAh BatteryExynos 1280 Processor1 Year Manufacturer Warranty for Device and 6 Months Manufacturer Warranty for In-Box Accessories,4.2
"OnePlus Nord CE4 (Celadon Marble, 256 GB)","₹26,969",8 GB RAM | 256 GB ROM17.02 cm (6.7 inch) Display50MP Rear Camera5500 mAh BatteryOxygenOS 14.0 ProcessorDomestic Warranty 1 Year For Handset And 6 month For Accessories.,4.8
"OnePlus Nord CE4 (Dark Chrome, 256 GB)","₹26,480",8 GB RAM | 256 GB ROM17.02 cm (6.7 inch) Display50MP Rear Camera5500 mAh BatteryOxygenOS 14.0 ProcessorDomestic Warranty 1 Year For Handset And 6 month For Accessories.,4.8
"Infinix HOT 40i (Palm Blue, 256 GB)","₹9,299",8 GB RAM | 256 GB ROM | Expandable Upto 2 TB16.76 cm (6.6 inch) HD+ Display50MP + AI Lens | 32MP Front Camera5000 mAh BatteryUnisoc T606 Processor1 Year on Handset and 6 Months on Accessories,4.1
"vivo T3x 5G (Celestial Green, 128 GB)","₹14,999",6 GB RAM | 128 GB ROM | Expandable Upto 1 TB17.07 cm (6.72 inch) Full HD+ Display50MP + 2MP | 8MP Front Camera6000 mAh Battery6 Gen 1 Processor1 Year Manufacturer Warranty for Device and 6 Months Manufacturer Warranty for Inbox Accessories,
"Nothing Phone (2a) 5G (Black, 128 GB)","₹23,999",8 GB RAM | 128 GB ROM17.02 cm (6.7 inch) Full HD+ Display50MP (OIS) + 50MP | 32MP Front Camera5000 mAh BatteryDimensity 7200 Pro Processor1 Year Manufacturing Warranty,4.4
"REDMI 13C (Stardust Black, 128 GB)","₹8,699",6 GB RAM | 128 GB ROM | Expandable Upto 1 TB17.12 cm (6.74 inch) HD+ Display50MP Rear Camera | 8MP Front Camera5000 mAh BatteryHelio G85 Processor1 Year Manufacturer Warranty for Phone and 6 Months Warranty for In the Box Accessories,4.2
"OnePlus Nord CE4 (Celadon Marble, 128 GB)","₹24,987",8 GB RAM | 128 GB ROM17.02 cm (6.7 inch) Display50MP Rear Camera5500 mAh BatteryOxygenOS 14.0 ProcessorDomestic Warranty 1 Year For Handset And 6 month For Accessories.,4.8
"OnePlus Nord CE4 (Dark Chrome, 128 GB)","₹24,793",8 GB RAM | 128 GB ROM17.02 cm (6.7 inch) Display50MP Rear Camera5500 mAh BatteryOxygenOS 14.0 ProcessorDomestic Warranty 1 Year For Handset And 6 month For Accessories.,4.8
"POCO M6 5G (Polaris Green, 128 GB)","₹9,299",4 GB RAM | 128 GB ROM | Expandable Upto 1 TB17.12 cm (6.74 inch) HD+ Display50MP Rear Camera | 5MP Front Camera5000 mAh BatteryMediatek Dimensity 6100+ Processor1 Year Manufacturer Warranty for Phone and 6 Months Warranty for In the Box Accessories,4.2
"REDMI 12 5G (Moonstone Silver, 128 GB)","₹12,989",6 GB RAM | 128 GB ROM | Expandable Upto 1 TB17.25 cm (6.79 inch) Full HD+ Display50MP + 2MP | 8MP Front Camera5000 mAh BatterySnapdragon 4 Gen 2 Processor1 Year Manufacturer Warranty for Phone and 6 Months Warranty for In the Box Accessories,4.3
"Motorola Edge 40 Neo (Caneel Bay, 128 GB)","₹22,999",8 GB RAM | 128 GB ROM16.64 cm (6.55 inch) Full HD+ Display50MP + 13MP | 32MP Front Camera5000 mAh BatteryDimensity 7030 Processor1 Year on Handset and 6 Months on Accessories,4.3
"Nothing Phone (2a) 5G (White, 256 GB)","₹25,999",8 GB RAM | 256 GB ROM17.02 cm (6.7 inch) Full HD+ Display50MP (OIS) + 50MP | 32MP Front Camera5000 mAh BatteryDimensity 7200 Pro Processor1 Year Manufacturing Warranty,4.4
"Nothing Phone (2a) 5G (Black, 256 GB)","₹25,999",8 GB RAM | 256 GB ROM17.02 cm (6.7 inch) Full HD+ Display50MP (OIS) + 50MP | 32MP Front Camera5000 mAh BatteryDimensity 7200 Pro Processor1 Year Manufacturing Warranty,4.4
"OnePlus 11R 5G (Sonic Black, 256 GB)","₹36,690",16 GB RAM | 256 GB ROM17.02 cm (6.7 inch) Display50MP Rear Camera5000 mAh BatteryDomestic warranty of 12 months on phone & 6 months on accessries,4.5
"REDMI 12 5G (Jade Black, 128 GB)","₹12,429",6 GB RAM | 128 GB ROM | Expandable Upto 1 TB17.25 cm (6.79 inch) Full HD+ Display50MP + 2MP | 8MP Front Camera5000 mAh BatterySnapdragon 4 Gen 2 Processor1 Year Manufacturer Warranty for Phone and 6 Months Warranty for In the Box Accessories,4.3
"POCO M6 5G (Galactic Black, 128 GB)","₹10,499",6 GB RAM | 128 GB ROM | Expandable Upto 1 TB17.12 cm (6.74 inch) HD+ Display50MP Rear Camera | 5MP Front Camera5000 mAh BatteryMediatek Dimensity 6100+ Processor1 Year Manufacturer Warranty for Phone and 6 Months Warranty for In the Box Accessories,4.3
"POCO X6 Neo 5G (Martian Orange, 256 GB)","₹17,999",12 GB RAM | 256 GB ROM | Expandable Upto 1 TB16.94 cm (6.67 inch) Full HD+ Display108MP + 2MP | 16MP Front Camera5000 mAh BatteryDimensity 6080 Processor1 Year Manufacturer Warranty for Phone and 6 Months Warranty for In the Box Accessories,4
"realme Narzo 60 5G (Mars Orange, 128 GB)","₹15,430",8 GB RAM | 128 GB ROM16.33 cm (6.43 inch) Display64MP Rear Camera5000 mAh BatteryDomestic 1 Year of Device & 6 Months for In-Box Accessories,4.3
SAMSUNG Guru FM Plus SM-B110E/D,"₹1,599",NA ROM3.81 cm (1.5 inch) VGA Display800 mAh Battery1 year warranty on handset and 6 months warranty on the accessories.,4.3
"OnePlus 11R 5G (Galactic Silver, 128 GB)","₹32,996",8 GB RAM | 128 GB ROM17.02 cm (6.7 inch) Display50MP Rear Camera5000 mAh BatteryDomestic warranty of 12 months on phone & 6 months on accessories,4.5
"Motorola Edge 40 Neo (Caneel Bay, 256 GB)","₹24,999",12 GB RAM | 256 GB ROM16.64 cm (6.55 inch) Full HD+ Display50MP + 13MP | 32MP Front Camera5000 mAh BatteryDimensity 7030 Processor1 Year on Handset and 6 Months on Accessories,4.3
Nokia 150,"₹2,685",4 MB RAM | 4 MB ROM6.1 cm (2.4 inch) Display0.3MP Rear Camera | 0MP Front Camera1450 mAh Battery6261D Processor1 Year Replacement Warranty for Device and 6 Months Manufacturer Warranty for Inbox Accessories Including Battery from the Date of Purchase,4.2
"REDMI A2 (Aqua Blue, 64 GB)","₹5,299",2 GB RAM | 64 GB ROM | Expandable Upto 1 TB16.56 cm (6.52 inch) HD+ Display8MP Rear Camera | 5MP Front Camera5000 mAh BatteryHelio G36 Processor1 Year Manufacturer Warranty for Phone and 6 Months Warranty for In the Box Accessories,4.2
,,,
,,,
,"₹32,996",,4.5
,,,
,,,
,,,
,,,
"SAMSUNG Galaxy F34 5G (Mystic Green, 128 GB)","₹14,999",6 GB RAM | 128 GB ROM | Expandable Upto 1 TB16.51 cm (6.5 inch) Full HD+ Display50MP (OIS) + 8MP + 2MP | 13MP Front Camera6000 mAh BatteryExynos 1280 Processor1 Year Manufacturer Warranty for Device and 6 Months Manufacturer Warranty for In-Box Accessories,4.2
itel Magic X Pro 4G| 2500mAh Big Battery| Expandable Storage upto 64GB,"₹1,631",64 MB RAM | 128 MB ROM6.1 cm (2.4 inch) Display0.3MP Rear Camera2500 mAh Battery2 Years Manufacturer Warranty on Device and 6 Months on Accessories,3.9
"SAMSUNG Galaxy S22 5G (Phantom Black, 128 GB)","₹36,999",8 GB RAM | 128 GB ROM15.49 cm (6.1 inch) Full HD+ Display50MP + 12MP + 10MP | 10MP Front Camera3700 mAh Lithium-ion BatterySnapdragon 8 Gen 1 Processor1 Year Manufacturer Warranty for Device and 6 Months Manufacturer Warranty for In-Box Accessories,4.4
"Samsung Galaxy S21 FE 5G with Snapdragon 888 (Graphite, 128 GB)","₹29,999",8 GB RAM | 128 GB ROM16.26 cm (6.4 inch) Full HD+ Display12MP + 12MP + 8MP (OIS) | 32MP Front Camera4500 mAh Lithium-ion BatterySnapdragon 888 Processor1 Year Manufacturer Warranty for Device and 6 Months Manufacturer Warranty for In-Box Accessories,4.3
"Motorola g14 (Sky Blue, 128 GB)","₹8,499",4 GB RAM | 128 GB ROM | Expandable Upto 1 TB16.51 cm (6.5 inch) Full HD+ Display50MP + 2MP | 8MP Front Camera5000 mAh BatteryT616 ProcessorImmersive Stereo Speakers with Dolby Atmos1 Year on Handset and 6 Months on Accessories,4.1
"Tecno POVA 5 Pro 5G (Dark Illusion, 256 GB)","₹15,999",8 GB RAM | 256 GB ROM | Expandable Upto 1 TB17.22 cm (6.78 inch) Full HD+ Display50MP + 0.08MP | 16MP Front Camera5000 mAh BatteryMediaTek Dimensity 6080 MT6833 ProcessorDomestic Warranty of 12 Months on Phone & 6 Months on Accessories,4.2
"POCO X6 Pro 5G (Yellow, 512 GB)","₹27,499",12 GB RAM | 512 GB ROM16.94 cm (6.67 inch) Display64MP + 8MP + 2MP | 16MP Front Camera5000 mAh BatteryDimensity D8300 Ultra Processor1 Year Manufacturer Warranty for Phone and 6 Months Warranty for In the Box Accessories,4.3
"Motorola G32 (Satin Silver, 128 GB)","₹9,999",8 GB RAM | 128 GB ROM16.51 cm (6.5 inch) Full HD+ Display50MP + 8MP + 2MP | 16MP Front Camera5000 mAh Lithium Polymer BatteryQualcomm Snapdragon 680 Processor1 Year on Handset and 6 Months on Accessories,4.1
itel Ace2 Keypad Mobile| 1000 mAh Battery|Expandable Storage 32GB,₹845,4 MB RAM | 4 MB ROM | Expandable Upto 32 GB4.57 cm (1.8 inch) Quarter QVGA Display0MP Front Camera1000 mAh Lithium Ion BatterySpreadtrum Processor12 Month Warranty on Device and 6 Months on Accessories Including Battery,4
"itel P40 Plus,Upto 8GB RAM|13MP Rear Camera|7000mAh Battery with 18W Fast Charging (Force Black, 128 G...","₹6,747",4 GB RAM | 128 GB ROM17.27 cm (6.8 inch) Display13MP Rear Camera7000 mAh BatteryDomestic Warranty 1 Year For Handset And 6 Months For Accessories.,4.1
"SAMSUNG Galaxy F14 5G (OMG Black, 128 GB)","₹10,990","4 GB RAM | 128 GB ROM | Expandable Upto 1 TB16.76 cm (6.6 inch) Full HD+ Display50MP + 2MP | 13MP Front Camera6000 mAh BatteryExynos 1330, Octa Core Processor1 Year Manufacturer Warranty for Device and 6 Months Manufacturer Warranty for In-Box Accessories",4.2
"Motorola g54 5G (Midnight Blue, 256 GB)","₹16,999",12 GB RAM | 256 GB ROM | Expandable Upto 1 TB16.51 cm (6.5 inch) Full HD+ Display50MP (OIS) + 8MP | 16MP Front Camera6000 mAh BatteryDimensity 7020 Processor1 Year on Handset and 6 Months on Accessories,4.2
"realme Narzo N53 (Feather Gold, 128 GB)","₹9,938",6 GB RAM | 128 GB ROM17.12 cm (6.74 inch) Display50MP Rear Camera5000 mAh BatteryDomestic 1 Year on Handset and 6 Months on Accessories,4.2
"realme Narzo N55 (Prime Blue, 64 GB)","₹9,997",4 GB RAM | 64 GB ROM17.07 cm (6.72 inch) Display64MP Rear Camera5000 mAh Battery1 Year Domestic Warranty for Phone and 6 Months Warranty for In-Box Accessories,4.2
IAIR D7 MINI Dual Sim Keypad Phone With Jazz Wired Earphone| 1.8 Inch Big Display,₹849,32 MB RAM | 32 MB ROM | Expandable Upto 32 GB4.57 cm (1.8 inch) Display3MP Rear Camera1200 mAh Battery1 Year Manufacturer Warranty for Device,4.8
"Infinix Note 30 5G (Magic Black, 128 GB)","₹14,999",4 GB RAM | 128 GB ROM | Expandable Upto 2 TB17.22 cm (6.78 inch) Full HD+ Display108 MP + 2 MP+ AI Lens | 16MP Front Camera5000 mAh Li-ion Polymer BatteryDimensity 6080 Processor1 Year on Handset and 6 Months on Accessories,4.1
itel it5027,"₹1,167",4 MB RAM | 4 MB ROM | Expandable Upto 32 GB6.1 cm (2.4 inch) NA Display0.3MP + 0MP | 0MP Front Camera1200 mAh BatteryNA Processor12+1 Months Warranty for device 6 months for accessories 111 Days Replacement,4
Micromax J2,₹862,32 MB RAM | 32 MB ROM4.5 cm (1.77 inch) Display800 mAh BatteryOne Year Manufacture Warranty,3.8
"realme Narzo N55 (Prime Blue, 128 GB)","₹9,660",6 GB RAM | 128 GB ROM17.07 cm (6.72 inch) Display64MP Rear Camera5000 mAh Battery1 Year Domestic Warranty for Phone and 6 Months Warranty for In-Box Accessories,4.3
"OnePlus Nord 3 5G (Tempest Gray, 128 GB)","₹23,584",8 GB RAM | 128 GB ROM17.12 cm (6.74 inch) Full HD+ Display50MP Rear Camera5000 mAh BatteryDomestic 1 Year of Device & 6 Months for In-Box Accessories,4.4
itel it5027,"₹1,169",4 MB RAM | 4 MB ROM | Expandable Upto 32 GB6.1 cm (2.4 inch) NA Display0.3MP + 0MP | 0MP Front Camera1200 mAh BatteryNA Processor12+1 Months Warranty for device 6 months for accessories 111 Days Replacement,4
"realme 12 Pro 5G (Submarine Blue, 256 GB)","₹26,999",12 GB RAM | 256 GB ROM17.02 cm (6.7 inch) Full HD+ Display50MP + 8MP + 32MP | 16MP Front Camera5000 mAh BatterySnapdragon 6 Gen 1 Processor1 Year Manufacturer Warranty for Device and 6 Months Manufacturer Warranty for Inbox Accessories,4.4
"realme Narzo N55 (Prime Black, 128 GB)","₹9,177",6 GB RAM | 128 GB ROM17.07 cm (6.72 inch) Display64MP Rear Camera5000 mAh Battery1 Year Domestic Warranty for Phone and 6 Months Warranty for In-Box Accessories,4.3
"realme Narzo N53 (Feather Black, 128 GB)","₹9,687",8 GB RAM | 128 GB ROM17.12 cm (6.74 inch) Display50MP Rear Camera5000 mAh BatteryDomestic 1 Year on Handset and 6 Months on Accessories,4.2
,,,
,,,
,"₹16,999",,4.2
,,,
,,,
,,,
,,,
"Nothing Phone (2a) 5G (Black, 128 GB)","₹23,999",8 GB RAM | 128 GB ROM17.02 cm (6.7 inch) Full HD+ Display50MP (OIS) + 50MP | 32MP Front Camera5000 mAh BatteryDimensity 7200 Pro Processor1 Year Manufacturing Warranty,4.4
"OnePlus Nord 3 5G (Tempest Gray, 128 GB)","₹23,584",8 GB RAM | 128 GB ROM17.12 cm (6.74 inch) Full HD+ Display50MP Rear Camera5000 mAh BatteryDomestic 1 Year of Device & 6 Months for In-Box Accessories,4.4
"OnePlus Nord 3 5G (Misty Green, 256 GB)","₹37,630",16 GB RAM | 256 GB ROM17.12 cm (6.74 inch) Display50MP Rear Camera5000 mAh BatteryDomestic 1 Year of Device & 6 Months for In-Box Accessories,4.4
"realme Narzo N55 (Prime Black, 128 GB)","₹9,177",6 GB RAM | 128 GB ROM17.07 cm (6.72 inch) Display64MP Rear Camera5000 mAh Battery1 Year Domestic Warranty for Phone and 6 Months Warranty for In-Box Accessories,4.3
itel it5027,"₹1,169",4 MB RAM | 4 MB ROM | Expandable Upto 32 GB6.1 cm (2.4 inch) NA Display0.3MP + 0MP | 0MP Front Camera1200 mAh BatteryNA Processor12+1 Months Warranty for device 6 months for accessories 111 Days Replacement,4
"realme 12 Pro 5G (Submarine Blue, 256 GB)","₹26,999",12 GB RAM | 256 GB ROM17.02 cm (6.7 inch) Full HD+ Display50MP + 8MP + 32MP | 16MP Front Camera5000 mAh BatterySnapdragon 6 Gen 1 Processor1 Year Manufacturer Warranty for Device and 6 Months Manufacturer Warranty for Inbox Accessories,4.4
"realme Narzo N53 (Feather Gold, 64 GB)","₹7,960",4 GB RAM | 64 GB ROM17.12 cm (6.74 inch) Display50MP Rear Camera5000 mAh BatteryDomestic 1 Year on Handset and 6 Months on Accessories,4.2
"realme 12 Pro 5G (Navigator Beige, 128 GB)","₹24,999",8 GB RAM | 128 GB ROM17.02 cm (6.7 inch) Full HD+ Display50MP + 8MP + 32MP | 16MP Front Camera5000 mAh BatterySnapdragon 6 Gen 1 Processor1 Year Manufacturer Warranty for Device and 6 Months Manufacturer Warranty for Inbox Accessories,4.4
"SAMSUNG Galaxy S22 5G (Green, 128 GB)","₹36,999",8 GB RAM | 128 GB ROM15.49 cm (6.1 inch) Full HD+ Display50MP + 12MP + 10MP | 10MP Front Camera3700 mAh Lithium-ion BatterySnapdragon 8 Gen 1 Processor1 Year Manufacturer Warranty for Device and 6 Months Manufacturer Warranty for In-Box Accessories,4.4
"realme Narzo N53 (Feather Black, 64 GB)","₹7,989",4 GB RAM | 64 GB ROM17.12 cm (6.74 inch) Full HD Display50MP Rear Camera5000 mAh BatteryDomestic 1 Year on Handset and 6 Months on Accessories,4.2
"Infinix Note 30 5G (Magic Black, 256 GB)","₹15,499",8 GB RAM | 256 GB ROM | Expandable Upto 2 TB17.22 cm (6.78 inch) Full HD+ Display108 MP + 2 MP+ AI Lens | 16MP Front Camera5000 mAh Li-ion Polymer BatteryDimensity 6080 Processor1 Year on Handset and 6 Months on Accessories,4.2
"Infinix Note 30 5G (Sunset Gold, 256 GB)","₹15,499",8 GB RAM | 256 GB ROM | Expandable Upto 2 TB17.22 cm (6.78 inch) Full HD+ Display108 MP + 2 MP+ AI Lens | 16MP Front Camera5000 mAh Li-ion Polymer BatteryDimensity 6080 Processor1 Year on Handset and 6 Months on Accessories,4.2
"Infinix Note 30 5G (Interstellar Blue, 256 GB)","₹15,499",8 GB RAM | 256 GB ROM | Expandable Upto 2 TB17.22 cm (6.78 inch) Full HD+ Display108 MP + 2 MP+ AI Lens | 16MP Front Camera5000 mAh Li-ion Polymer BatteryDimensity 6080 Processor1 Year on Handset and 6 Months on Accessories,4.2
Nokia 105 Classic with Charger,"₹1,099",32 MB RAM | 32 MB ROM4.5 cm (1.77 inch) Display0MP Front Camera800 mAh BatterySC6531E Processor1 Year Manufacturer Warranty for Device and 6 Months Manufacturer Warranty for Inbox Accessories Including Battery from the Date of Purchase,4.2
"realme 12 Pro 5G (Submarine Blue, 128 GB)","₹24,999",8 GB RAM | 128 GB ROM17.02 cm (6.7 inch) Full HD+ Display50MP + 8MP + 32MP | 16MP Front Camera5000 mAh BatterySnapdragon 6 Gen 1 Processor1 Year Manufacturer Warranty for Device and 6 Months Manufacturer Warranty for Inbox Accessories,4.4
"POCO X6 Pro 5G (Racing Grey, 512 GB)","₹27,499",12 GB RAM | 512 GB ROM16.94 cm (6.67 inch) Display64MP + 8MP + 2MP | 16MP Front Camera5000 mAh BatteryDimensity D8300 Ultra Processor1 Year Manufacturer Warranty for Phone and 6 Months Warranty for In the Box Accessories,4.3
"realme 12+ 5G (Pioneer Green, 256 GB)","₹21,999",8 GB RAM | 256 GB ROM | Expandable Upto 2 TB16.94 cm (6.67 inch) Full HD+ Display50MP + 8MP + 2MP | 16MP Front Camera5000 mAh BatteryDimensity 7050 Processor1 Year Manufacturer Warranty for Device and 6 Months Manufacturer Warranty for Inbox Accessories,4.3
KARBONN k9 jumbo,"₹1,350",16 GB RAM | 16 GB ROM6.1 cm (2.4 inch) Display2MP Rear Camera1800 mAh Battery1 Year,4.1
"OnePlus Nord 3 5G (Misty Green, 128 GB)","₹24,065",8 GB RAM | 128 GB ROM17.12 cm (6.74 inch) Display50MP Rear Camera5000 mAh BatteryDomestic 1 Year of Device & 6 Months for In-Box Accessories,4.4
Jio PRIMA 4G,"₹2,870",500 MB RAM | 4 GB ROM6.1 cm (2.4 inch) Display0.3MP Rear Camera1800 mAh Battery1 Year MANUFACTURER WARRANTY,3.9
"REDMI 12 5G (Pastel Blue, 128 GB)","₹12,718",6 GB RAM | 128 GB ROM | Expandable Upto 1 TB17.25 cm (6.79 inch) Full HD+ Display50MP + 2MP | 8MP Front Camera5000 mAh BatterySnapdragon 4 Gen 2 Processor1 Year Manufacturer Warranty for Phone and 6 Months Warranty for In the Box Accessories,4.3
"realme Narzo N53 (Feather Gold, 128 GB)","₹10,490","8 GB RAM | 128 GB ROM17.12 cm (6.74 inch) HD+ Display50MP Rear Camera5000 mAh BatteryAndroid 13, Realme UI T ProcessorDomestic 1 Year on Handset and 6 Months on Accessories",4.2
"Apple iPhone 15 Plus (Black, 128 GB)","₹81,999","128 GB ROM17.02 cm (6.7 inch) Super Retina XDR Display48MP + 12MP | 12MP Front CameraA16 Bionic Chip, 6 Core Processor Processor1 Year Warranty for Phone and 6 Months Warranty for In-Box Accessories",4.6
Nokia 105 ss,"₹1,349",4 MB RAM | 4 MB ROM4.57 cm (1.8 inch) Quarter QVGA Display800 mAh BatteryNO WARRANTY,4.2
,,,
,,,
,"₹81,999",,4.6
,,,
